Simulation Time,Total Vehicles,Passenger,Trucks,Buses,Motorcycles,Bicycles,Emergencies,Trailers,Deliveries,Total Fuel Consumption (ml),Total CO2 Emission (mg),Total CO Emission (mg),Total HC Emission (mg),Total NOx Emission (mg),Total PMx Emission (mg),Total Trip Time (s),Total Delay (s)
60.0,59,59,0,0,0,0,0,0,0,78455.64128872252,245975.09393003889,6832.886284045383,37.26618095780399,99.31406137793587,6.115744704126408,26.0,214.11347609166205
120.0,148,148,0,0,0,0,0,0,0,242020.1908660321,758783.5326984867,20214.32337131711,110.29033910595679,306.75872331797694,17.306782816410095,579.0,1769.0752225359856
180.0,243,243,0,0,0,0,0,0,0,515441.67576853815,1616018.3744530913,41338.65188070183,226.6863863869092,656.7618515086998,35.63562469008363,2345.0,6237.831729893417
240.0,303,303,0,0,0,0,0,0,0,866558.4247094886,2716843.857911559,67821.739732,372.78995694186204,1104.1642346430892,58.34549090340262,5634.0,15091.930750521904
300.0,372,372,0,0,0,0,0,0,0,1225097.244648198,3840936.6705359085,93974.76229023519,517.6791590118202,1553.5097665723622,80.29535233642834,10112.0,29119.68623012039
360.0,428,428,0,0,0,0,0,0,0,1650214.6367468324,5173767.516525958,124708.19547182678,688.445256000666,2089.5695151167083,106.09208276926783,15267.0,49130.49519289693
420.0,476,476,0,0,0,0,0,0,0,2152038.562279432,6747086.631991019,164300.09892799446,905.1000211589695,2725.0337591049415,138.08716710563917,21539.0,75430.43465221801
